{
  "Stockholm": {
    "x": 18.068580800000063,
    "y": 59.32932349999999
  },
  "Karlstad": {
    "x": 13.51149780000003,
    "y": 59.4021806
  },
  "Borlänge": {
    "x": 15.433969,
    "y": 60.484304
  },
  "Upplands Väsby": {
    "x": 17.92834,
    "y": 59.51961
  },
  "Herrljunga": {
    "x": 13.0188387,
    "y": 58.0780287
  },
  "Svalöv": {
    "x": 13.1018168,
    "y": 55.9129296
  },
  "Mörbylånga": {
    "x": 16.3869163,
    "y": 56.5237566
  },
  "Kiruna": {
    "x": 20.225282,
    "y": 67.8558
  },
  "Umeå": {
    "x": 20.263035,
    "y": 63.825847
  },
  "Göteborg": {
    "x": 11.97456,
    "y": 57.70887
  },
  "Uppsala": {
    "x": 17.638926699999956,
    "y": 59.85856380000001
  },
  "Lund": {
    "x": 13.191007300000024,
    "y": 55.70466010000001
  },
  "Kungälv": {
    "x": 11.974031700000069,
    "y": 57.86975400000001
  },
  "Kalmar": {
    "x": 16.35677910000004,
    "y": 56.6634447
  },
  "Röstånga": {
    "x": 13.29325689999996,
    "y": 56.0024903
  },
  "Malmö": {
    "x": 13.003822,
    "y": 55.604981
  },
  "Övre Norrland": {
    "x": 17.4338742,
    "y": 65.7184679
  },
  "Växjö": {
    "x": 14.802778,
    "y": 56.889167
  },
  "Järfälla": {
    "x": 17.833333,
    "y": 59.433333
  },
  "Enköping": {
    "x": 17.0725,
    "y": 59.640278
  },
  "missing": {
    "x": 16.390537,
    "y": 56.518936
  }
}
